Gene/Group,Variant Name,Gene Source,NCBI Gene ID,Gene Full Name,Gene Aliases,Chromosome,Candidate Source,Normalization Applied,Validation Outcome,Dropped By Gate,PMID,DOI,Study Title,Authors,Publication Year,Journal Name,Author Affiliations,Citations,Citation Source,Citation Retrieved At,iCite Citations,Semantic Scholar Citations,Figure Count,Figure Analysis Enabled,Metadata Completeness,Metadata Warnings,Key Finding,Key Finding Citation,Variant,Variant Citation,validation_confidence,validation_source,validation_suggestions,Key Finding_citation_valid,Key Finding_citation_confidence,Key Finding_citation_details,Key Finding Citation_citation_valid,Key Finding Citation_citation_confidence,Key Finding Citation_citation_details,Variant_citation_valid,Variant_citation_confidence,Variant_citation_details,Variant Citation_citation_valid,Variant Citation_citation_confidence,Variant Citation_citation_details,context_flash_fits,context_pro_fits,context_original_tokens,context_modifications,context_truncation_applied
CDC27,,llm,996,cell division cycle 27,"ANAPC3, APC3, CDC27Hs",17,"deterministic_lexicon,llm_text",local_symbol,passed,False,19915526,10.1038/ng.499,Exome sequencing identifies the cause of a mendelian disorder.,"Ng SB, Buckingham KJ, Lee C, Bigham AW, Tabor HK, Dent KM, Huff CD, Shannon PT, Jabs EW, Nickerson DA, Shendure J, Bamshad MJ",2010,Nature genetics,"Department of Genome Sciences, University of Washington, Seattle, Washington, USA.",1396,icite,2026-02-25T18:45:26.665344Z,1396,,2,True,1.0,,CDC27 was identified as a candidate gene but later determined to be a false positive due to processed pseudogenes.,"The asterisk indicates that a second gene, CDC27 , was also identified as a candidate gene but on manual review it appears to be multiple copies of a processed pseudogene that cause a false positive.",,,1.0,HGNC,,True,1.0,Match found and constraints verified,True,1.0,Match found and constraints verified,False,0.0,No citation provided,False,0.0,No citation provided,True,True,7010,No modifications needed,False
DHODH,,both,1723,,,,"deterministic_lexicon,llm_abstract,llm_text,pubtator",local_symbol,passed,False,19915526,10.1038/ng.499,Exome sequencing identifies the cause of a mendelian disorder.,"Ng SB, Buckingham KJ, Lee C, Bigham AW, Tabor HK, Dent KM, Huff CD, Shannon PT, Jabs EW, Nickerson DA, Shendure J, Bamshad MJ",2010,Nature genetics,"Department of Genome Sciences, University of Washington, Seattle, Washington, USA.",1396,icite,2026-02-25T18:45:26.665344Z,1396,,2,True,1.0,,"Mutations in DHODH, which encodes dihydroorotate dehydrogenase in the pyrimidine de novo biosynthesis pathway, cause Miller syndrome.","Filtering against public SNP databases and a small number of HapMap exomes for genes with two novel variants in each of the four cases identified a single candidate gene, DHODH , which encodes a key enzyme in the pyrimidine de novo biosynthesis pathway.","Mutations including missense variants and a 1-bp indel were identified, with each parent of an affected individual being a heterozygous carrier.","Collectively, 11 different mutations in 6 kindreds were identified in DHODH by a combination of exome and targeted resequencing ( Table 4 and Figure 2 ).",1.0,HGNC,,True,1.0,Match found and constraints verified,True,1.0,Match found and constraints verified,True,1.0,Match found and constraints verified,True,1.0,Match found and constraints verified,True,True,7010,No modifications needed,False
DHODH,c.G454A,both,1723,,,,llm_text,local_symbol,passed,False,19915526,10.1038/ng.499,Exome sequencing identifies the cause of a mendelian disorder.,"Ng SB, Buckingham KJ, Lee C, Bigham AW, Tabor HK, Dent KM, Huff CD, Shannon PT, Jabs EW, Nickerson DA, Shendure J, Bamshad MJ",2010,Nature genetics,"Department of Genome Sciences, University of Washington, Seattle, Washington, USA.",1396,icite,2026-02-25T18:45:26.665344Z,1396,,2,True,1.0,,The c.G454A variant found in kindred 1 was predicted to be damaging.,"However, because the other variant found in kindred 1, c.G454A , was predicted to be damaging, as was every other novel DHODH variant identified, DHODH was the only candidate gene for Miller syndrome under a dominant model in a comparison of kindreds 1, 2, and 3.",c.G454A,"However, because the other variant found in kindred 1, c.G454A , was predicted to be damaging, as was every other novel DHODH variant identified, DHODH was the only candidate gene for Miller syndrome under a dominant model in a comparison of kindreds 1, 2, and 3.",0.7,HGNC + variant_no_match,,True,1.0,Match found and constraints verified,True,1.0,Match found and constraints verified,True,1.0,Match found and constraints verified,True,1.0,Match found and constraints verified,True,True,7010,No modifications needed,False
DHODH,c.G605A,both,1723,,,,llm_text,local_symbol,passed,False,19915526,10.1038/ng.499,Exome sequencing identifies the cause of a mendelian disorder.,"Ng SB, Buckingham KJ, Lee C, Bigham AW, Tabor HK, Dent KM, Huff CD, Shannon PT, Jabs EW, Nickerson DA, Shendure J, Bamshad MJ",2010,Nature genetics,"Department of Genome Sciences, University of Washington, Seattle, Washington, USA.",1396,icite,2026-02-25T18:45:26.665344Z,1396,,2,True,1.0,,The c.G605A variant was found in both siblings of kindred 1 and was predicted to be benign by PolyPhen.,"Review of predicted biophysical consequences of DHODH variants revealed that the effect of one variant, c.G605A , found in both siblings in kindred 1, was benign.",c.G605A,"Review of predicted biophysical consequences of DHODH variants revealed that the effect of one variant, c.G605A , found in both siblings in kindred 1, was benign.",0.7,HGNC + variant_no_match,,True,1.0,Match found and constraints verified,True,1.0,Match found and constraints verified,True,1.0,Match found and constraints verified,True,1.0,Match found and constraints verified,True,True,7010,No modifications needed,False
DHODH,c1036T,both,1723,,,,llm_text,local_symbol,passed,False,19915526,10.1038/ng.499,Exome sequencing identifies the cause of a mendelian disorder.,"Ng SB, Buckingham KJ, Lee C, Bigham AW, Tabor HK, Dent KM, Huff CD, Shannon PT, Jabs EW, Nickerson DA, Shendure J, Bamshad MJ",2010,Nature genetics,"Department of Genome Sciences, University of Washington, Seattle, Washington, USA.",1396,icite,2026-02-25T18:45:26.665344Z,1396,,2,True,1.0,,The c1036T mutation was shared between two unrelated individuals with Miller syndrome of different geographical ancestry.,"One mutation, c1036T , was shared between two unrelated individuals with Miller syndrome who are of different self-identified geographical ancestry.",c1036T,"One mutation, c1036T , was shared between two unrelated individuals with Miller syndrome who are of different self-identified geographical ancestry.",0.7,HGNC + variant_no_match,,True,1.0,Match found and constraints verified,True,1.0,Match found and constraints verified,True,1.0,Match found and constraints verified,True,1.0,Match found and constraints verified,True,True,7010,No modifications needed,False
DHODH,c.1036C>T; c.1175A>G; c.403C>T; c.454G>A; c.56G>A; c.595C>T; c.605G>A; c.605G>C; c.611delT; c.730C>T; c.851C>T; p.D392G; p.G152R; p.G19E; p.G202A; p.G202D; p.L204PfsX8; p.R135C; p.R199C; p.R244W; p.R346W; p.T284I,both,1723,,,,llm_text,local_symbol,passed,False,19915526,10.1038/ng.499,Exome sequencing identifies the cause of a mendelian disorder.,"Ng SB, Buckingham KJ, Lee C, Bigham AW, Tabor HK, Dent KM, Huff CD, Shannon PT, Jabs EW, Nickerson DA, Shendure J, Bamshad MJ",2010,Nature genetics,"Department of Genome Sciences, University of Washington, Seattle, Washington, USA.",1396,icite,2026-02-25T18:45:26.665344Z,1396,,2,True,1.0,,"wo novel variants in each of the four cases identified a single candidate gene, DHODH , which encodes a key enzyme in the pyrimidine de novo biosynthesis pathway. Sanger sequencing confirmed the presence of DHODH mutations in three addit...",Auto snippet from paper text,,,1.0,HGNC + variant_hgvs_coding,,False,0.0,No citation provided,False,0.0,No citation provided,False,0.0,No citation provided,False,0.0,No citation provided,True,True,7010,No modifications needed,False
DNAH5,,llm,1767,dynein axonemal heavy chain 5,"CILD3, DNAHC5, HL1",5,"deterministic_lexicon,llm_text",local_symbol,passed,False,19915526,10.1038/ng.499,Exome sequencing identifies the cause of a mendelian disorder.,"Ng SB, Buckingham KJ, Lee C, Bigham AW, Tabor HK, Dent KM, Huff CD, Shannon PT, Jabs EW, Nickerson DA, Shendure J, Bamshad MJ",2010,Nature genetics,"Department of Genome Sciences, University of Washington, Seattle, Washington, USA.",1396,icite,2026-02-25T18:45:26.665344Z,1396,,2,True,1.0,,Mutations in DNAH5 were identified in two siblings as the cause of primary ciliary dyskinesia (PCD) occurring alongside Miller syndrome.,"Accordingly, exome analysis revealed that both siblings in kindred 1 have, in addition to Miller syndrome, PCD due to mutations in DNAH5 .",,,1.0,HGNC,,True,1.0,Match found and constraints verified,True,1.0,Match found and constraints verified,False,0.0,No citation provided,False,0.0,No citation provided,True,True,7010,No modifications needed,False
SHH,,llm,,,,,llm_text,local_symbol,passed,False,19915526,10.1038/ng.499,Exome sequencing identifies the cause of a mendelian disorder.,"Ng SB, Buckingham KJ, Lee C, Bigham AW, Tabor HK, Dent KM, Huff CD, Shannon PT, Jabs EW, Nickerson DA, Shendure J, Bamshad MJ",2010,Nature genetics,"Department of Genome Sciences, University of Washington, Seattle, Washington, USA.",1396,icite,2026-02-25T18:45:26.665344Z,1396,,2,True,1.0,,"Sonic hedgehog (Shh) expression is regulated by NF-kappaB, and its disruption may contribute to limb malformations in Miller syndrome.","Shh controls, in part, anterior-posterior patterning of the digits and Shh-/- knockout mice fail to form digits 2-5 29 .",,,1.0,HGNC,,True,1.0,Match found and constraints verified,True,1.0,Match found and constraints verified,False,0.0,No citation provided,False,0.0,No citation provided,True,True,7010,No modifications needed,False
TNF,,llm,,,,,llm_text,local_symbol,passed,False,19915526,10.1038/ng.499,Exome sequencing identifies the cause of a mendelian disorder.,"Ng SB, Buckingham KJ, Lee C, Bigham AW, Tabor HK, Dent KM, Huff CD, Shannon PT, Jabs EW, Nickerson DA, Shendure J, Bamshad MJ",2010,Nature genetics,"Department of Genome Sciences, University of Washington, Seattle, Washington, USA.",1396,icite,2026-02-25T18:45:26.665344Z,1396,,2,True,1.0,,"The paper notes that TNF-alpha production is repressed by inhibition of NF-kappaB, which may be relevant to the developmental defects observed in Miller syndrome.","Indeed, open eye is a defect observed in mice with targeted disruption of TNF-alpha 28 C.",,,1.0,HGNC,,True,0.9,Match found and constraints verified,True,0.9,Match found and constraints verified,False,0.0,No citation provided,False,0.0,No citation provided,True,True,7010,No modifications needed,False
